,actual,seasonal_naive,sarima,sarima_lower_95,sarima_upper_95
2014-02-03 21:00:00,98.1080692675,92.69832170083333,97.82876994077878,91.57521071641636,104.0823291651412
2014-02-03 22:00:00,97.45497843916667,92.43759534750001,97.80695493218057,86.69835641941867,108.91555344494247
2014-02-03 23:00:00,96.5509704675,89.82905990249999,97.78839650353227,83.24272342626722,112.33406958079732
2014-02-04 00:00:00,96.7206661375,72.85116615333332,97.67684640463854,80.35539377872101,114.99829903055607
2014-02-04 01:00:00,96.70414133499999,65.00786742999999,97.62535348902863,77.91472493661257,117.33598204144468
2014-02-04 02:00:00,97.40384198166667,59.98006480916666,97.59234906837719,75.75232924942577,119.43236888732861
2014-02-04 03:00:00,98.086906955,58.410150675000004,97.58204367695872,73.80255344668842,121.36153390722902
2014-02-04 04:00:00,98.0742132725,56.73162115,97.57102533845587,71.99873852588527,123.14331215102646
2014-02-04 05:00:00,98.35606487666666,55.2312628025,97.56117656771528,70.3137996195036,124.80855351592696
2014-02-04 06:00:00,99.14258089833334,53.54667870916666,97.55011848798632,68.7248301402754,126.37540683569725
2014-02-04 07:00:00,98.95643743666666,51.697353570833336,97.53797900211445,67.2167826849822,127.8591753192467
2014-02-04 08:00:00,99.205363885,50.28734822333333,97.52872333384974,65.78202832672089,129.27541834097858
2014-02-04 09:00:00,98.63217921333334,49.13750752000001,97.5211754588533,64.41029595302837,130.63205496467825
2014-02-04 10:00:00,98.65921932666667,47.07818539083333,97.50765749417934,63.086616844267866,131.92869814409082
2014-02-04 11:00:00,98.53177651166668,46.7681500125,97.50562233550619,61.82249274747176,133.18875192354062
2014-02-04 12:00:00,98.24067247833334,86.84159043416668,97.76867557244843,60.86659656638079,134.67075457851607
2014-02-04 13:00:00,98.44369062083332,94.93372221833333,97.82179458187686,59.739762956139536,135.90382620761417
2014-02-04 14:00:00,97.93272170583333,96.69842709666666,97.83337859676574,58.60687186321557,137.05988533031592
2014-02-04 15:00:00,97.93092634666668,98.15201622666666,97.84292036113155,57.50439623975526,138.18144448250783
2014-02-04 16:00:00,97.59616371916667,99.74587647083332,97.85338290420371,56.43268486488457,139.27408094352285
2014-02-04 17:00:00,95.58759017249999,100.24537674583333,97.85666176328867,55.38135218421608,140.33197134236127
2014-02-04 18:00:00,93.54151914166665,99.612008945,97.85250416043672,54.348140912462895,141.35686740841055
2014-02-04 19:00:00,91.24612980166667,98.906034385,97.84786994657206,53.338238186859016,142.35750170628512
2014-02-04 20:00:00,90.27248971666666,98.1111007975,97.8426517808457,52.34995987149771,143.3353436901937
2014-02-04 21:00:00,92.62055857416668,98.1080692675,97.8407984823775,51.3775156036945,144.3040813610605
2014-02-04 22:00:00,91.27143943833333,97.45497843916667,97.8406552825782,50.422812917050926,145.25849764810548
2014-02-04 23:00:00,88.76612505416666,96.5509704675,97.84053345987775,49.48670349840543,146.19436342135006
2014-02-05 00:00:00,86.47378110250001,96.7206661375,97.83980121392416,48.56774194958358,147.11186047826476
2014-02-05 01:00:00,83.88396808583333,96.70414133499999,97.8394632000679,47.66597509348257,148.01295130665324
2014-02-05 02:00:00,80.24435158666667,97.40384198166667,97.83924654984784,46.78024143939583,148.89825166029985
2014-02-05 03:00:00,72.63447071833333,98.086906955,97.83917890238503,45.90975470346223,149.76860310130783
2014-02-05 04:00:00,67.62200027666667,98.0742132725,97.83910657493875,45.05361432145717,150.62459882842035
2014-02-05 05:00:00,77.34872784416667,98.35606487666666,97.83904192486139,44.21114538531305,151.46693846440974
2014-02-05 06:00:00,84.468331025,99.14258089833334,97.83896933654263,43.38169817767091,152.29624049541434
2014-02-05 07:00:00,89.87964318416668,98.95643743666666,97.83888964957241,42.56468701502253,153.11309228412227
2014-02-05 08:00:00,91.16283780583332,99.205363885,97.83882889278509,41.75959412892904,153.91806365664115
2014-02-05 09:00:00,88.51160344166668,98.63217921333334,97.83877934642898,40.96590649377557,154.71165219908238
2014-02-05 10:00:00,85.40349460833333,98.65921932666667,97.83869061073953,40.183103185681745,155.49427803579732
2014-02-05 11:00:00,84.23360566916666,98.53177651166668,97.83867725139052,39.41085976568529,156.26649473709574
2014-02-05 12:00:00,84.78776484416666,98.24067247833334,97.84040400618716,38.650430607331145,157.03037740504317
2014-02-05 13:00:00,85.28936287833334,98.44369062083332,97.84075269417667,37.89831325623185,157.78319213212148
2014-02-05 14:00:00,87.81303626750001,97.93272170583333,97.84082873488047,37.155252684338755,158.5264047854222
2014-02-05 15:00:00,87.93436882083334,97.93092634666668,97.84089136968238,36.42116949306947,159.2606132462953
2014-02-05 16:00:00,88.35009647083332,97.59616371916667,97.84096004873247,35.695764496583124,159.98615560088183
2014-02-05 17:00:00,89.97791095000001,95.58759017249999,97.84098157207778,34.978684246659554,160.703278897496
2014-02-05 18:00:00,90.3573689575,93.54151914166665,97.84095428041336,34.269643771319046,161.41226478950767
2014-02-05 19:00:00,89.65150249666668,91.24612980166667,97.84092386014136,33.56842107194986,162.11342664833285
2014-02-05 20:00:00,91.8735889875,90.27248971666666,97.84088960664651,32.87476220572714,162.8070170075659
2014-02-05 21:00:00,91.42914661916666,92.62055857416668,97.8408774410786,32.18841437274921,163.493340509408
2014-02-05 22:00:00,88.63501649749999,91.27143943833333,97.84087650107519,31.509160909892884,164.1725920922575
2014-02-05 23:00:00,90.22628830833332,88.76612505416666,97.84087570139701,30.836791869492387,164.84495953330162
2014-02-06 00:00:00,90.80000114083333,86.47378110250001,97.84087089473039,30.171099067032102,165.51064272242866
2014-02-06 01:00:00,90.84357321166668,83.88396808583333,97.84086867591319,29.511893935017767,166.1698434168086
2014-02-06 02:00:00,90.96671850583334,80.24435158666667,97.84086725376073,28.85898877010996,166.8227457374115
2014-02-06 03:00:00,90.87269151666668,72.63447071833333,97.84086680970393,28.212206553105332,167.46952706630253
2014-02-06 04:00:00,91.16960253833334,67.62200027666667,97.8408663349264,27.571377229591235,168.11035544026157
2014-02-06 05:00:00,91.41626710583334,77.34872784416667,97.84086591054526,26.936339474493053,168.74539234659747
2014-02-06 06:00:00,89.02925485333333,84.468331025,97.8408654340553,26.306938943774924,169.37479192433568
2014-02-06 07:00:00,89.10954726333334,89.87964318416668,97.84086491096781,25.683028128586045,169.99870169334957
2014-02-06 08:00:00,91.09744532583333,91.16283780583332,97.84086451214331,25.0644660088589,170.61726301542774
2014-02-06 09:00:00,91.34178907249999,88.51160344166668,97.84086418690721,24.4511172933195,171.23061108049492
2014-02-06 10:00:00,91.88016158583333,85.40349460833333,97.8408636044214,23.842852015589656,171.83887519325316
2014-02-06 11:00:00,92.43099190166667,84.23360566916666,97.84086351672691,23.239546577299564,172.44218045615426
2014-02-06 12:00:00,93.05566545750001,84.78776484416666,97.84087485162688,22.641092544143447,173.0406571591103
2014-02-06 13:00:00,94.573399075,85.28936287833334,97.84087714051206,22.047354797973398,173.63439948305074
2014-02-06 14:00:00,96.4189244425,87.81303626750001,97.84087763966444,21.45823040166333,174.22352487766557
2014-02-06 15:00:00,96.476277045,87.93436882083334,97.84087805081674,20.873615080896016,174.80814102073748
2014-02-06 16:00:00,99.01364038666667,88.35009647083332,97.84087850164518,20.293406982085372,175.38835002120499
2014-02-06 17:00:00,101.71341002499999,89.97791095000001,97.84087864293042,19.717507561845153,175.9642497240157
2014-02-06 18:00:00,100.57457100666666,90.3573689575,97.84087846378033,19.14582220819996,176.53593471936068
2014-02-06 19:00:00,99.32787449416666,89.65150249666668,97.84087826409318,18.578260031631473,177.1034964965549
2014-02-06 20:00:00,97.76372851166667,91.8735889875,97.84087803924369,18.014733079957438,177.66702299852994
2014-02-06 21:00:00,99.2792875725,91.42914661916666,97.84087795938551,17.45515645019472,178.2265994685763
2014-02-06 22:00:00,100.38915697750001,88.63501649749999,97.84087795321507,16.899448254162436,178.78230765226772
2014-02-06 23:00:00,98.09240768000001,90.22628830833332,97.84087794796577,16.347529372638874,179.33422652329267
2014-02-07 00:00:00,95.53789964416666,90.80000114083333,97.84087791641346,15.799323309051744,179.88243252377518
2014-02-07 01:00:00,94.0821729575,90.84357321166668,97.84087790184853,15.254756169614339,180.42699963408273
2014-02-07 02:00:00,93.43798743666667,90.96671850583334,97.84087789251312,14.713756426949885,180.96799935807636
2014-02-07 03:00:00,92.33427486250001,90.87269151666668,97.8408778895982,14.176254878855914,181.5055009003405
2014-02-07 04:00:00,92.15235436,91.16960253833334,97.84087788648164,13.642184524240221,182.03957124872306
2014-02-07 05:00:00,92.07498888916666,91.41626710583334,97.84087788369588,13.11148048062283,182.57027528676895
2014-02-07 06:00:00,90.20224884333334,89.02925485333333,97.84087788056807,12.58407988376895,183.09767587736718
2014-02-07 07:00:00,80.69043735166666,89.10954726333334,97.84087787713437,12.059921802687754,183.62183395158098
2014-02-07 08:00:00,67.60602958583333,91.09744532583333,97.84087787451638,11.53894715784429,184.14280859118847
2014-02-07 09:00:00,64.78723922916667,91.34178907249999,97.84087787238144,11.021098640892973,184.6606571038699
2014-02-07 10:00:00,63.46138768583333,91.88016158583333,97.84087786855784,10.506320640714023,185.17543509640166
2014-02-07 11:00:00,61.897493439166674,92.43099190166667,97.84087786798219,9.994559182663039,185.68719655330133
2014-02-07 12:00:00,60.71116429333333,93.05566545750001,97.84087794238764,9.485761922194555,186.1959939625807
2014-02-07 13:00:00,59.50438403583333,94.573399075,97.84087795741252,8.979877809310935,186.70187810551408
2014-02-07 14:00:00,58.09568954833333,96.4189244425,97.84087796068908,8.476857417183794,187.20489850419438
2014-02-07 15:00:00,56.79093583333333,96.476277045,97.840877963388,7.9766526672271,187.70510325954888
2014-02-07 16:00:00,55.2689277925,99.01364038666667,97.84087796634736,7.479216801568583,188.20253913112614
2014-02-07 17:00:00,54.531636929166666,101.71341002499999,97.84087796727479,6.984504339238015,188.69725159531157
2014-02-07 18:00:00,52.4580011775,100.57457100666666,97.8408779660988,6.492471032991602,189.189284899206
2014-02-07 19:00:00,51.56971686416667,99.32787449416666,97.840877964788,6.00307382294416,189.67868210663187
2014-02-07 20:00:00,50.31683174666667,97.76372851166667,97.84087796331204,5.516270788546322,190.16548513807777
2014-02-07 21:00:00,49.58264528833333,99.2792875725,97.84087796278783,5.032021108639441,190.64973481693622
2014-02-07 22:00:00,47.772694619166664,100.38915697750001,97.84087796274733,4.550285021788113,191.13147090370654
2014-02-07 23:00:00,46.302542422500004,98.09240768000001,97.84087796271287,4.071023787796705,191.61073213762904
2014-02-08 00:00:00,45.03412469166667,95.53789964416666,97.84087796250574,3.594199651305516,192.08755627370596
2014-02-08 01:00:00,43.99762786333333,94.0821729575,97.84087796241013,3.119775807691127,192.56198011712914
2014-02-08 02:00:00,42.390317366666665,93.43798743666667,97.84087796234886,2.6477163691200616,193.03403955557764
2014-02-08 03:00:00,41.00997898,92.33427486250001,97.84087796232973,2.1779863333159994,193.50376959134346
2014-02-08 04:00:00,40.18318287333333,92.15235436,97.84087796230926,1.710551553135545,193.971204371483
2014-02-08 05:00:00,38.55738966333333,92.07498888916666,97.84087796229097,1.245378707697654,194.4363772168843
2014-02-08 06:00:00,37.15509194083334,90.20224884333334,97.84087796227044,0.7824352746093552,194.89932064993152
2014-02-08 07:00:00,36.099969331666664,80.69043735166666,97.8408779622479,0.32168950344329517,195.36006642105252
2014-02-08 08:00:00,34.69209579583333,67.60602958583333,97.84087796223072,-0.13688960967155595,195.818645534133
2014-02-08 09:00:00,33.5849236575,64.78723922916667,97.84087796221671,-0.5933323464130922,196.2750882708465
2014-02-08 10:00:00,31.861332561666668,63.46138768583333,97.84087796219161,-1.047668289603493,196.7294242139867
2014-02-08 11:00:00,30.85402121916667,61.897493439166674,97.84087796218783,-1.4999263455248837,197.18168226990053
2014-02-08 12:00:00,29.705266160833332,60.71116429333333,97.84087796267625,-1.9501347649894143,197.6318906903419
2014-02-08 13:00:00,28.383913238333335,59.50438403583333,97.84087796277487,-2.3983211657246954,198.08007709127443
2014-02-08 14:00:00,26.971555700833335,58.09568954833333,97.84087796279638,-2.84451254959545,198.5262684751882
2014-02-08 15:00:00,27.7138413425,56.79093583333333,97.8408779628141,-3.2887353230216974,198.97049124864992
2014-02-08 16:00:00,30.747106866666666,55.2689277925,97.84087796283353,-3.7310153150440613,199.41277124071112
2014-02-08 17:00:00,31.5305765075,54.531636929166666,97.84087796283961,-4.171377794801643,199.85313372048086
2014-02-08 18:00:00,31.76645363,52.4580011775,97.8408779628319,-4.609847488344229,200.29160341400802
2014-02-08 19:00:00,32.10277154083333,51.56971686416667,97.8408779628233,-5.046448594834544,200.72820452048114
2014-02-08 20:00:00,32.880638260000005,50.31683174666667,97.84087796281361,-5.481204802159624,201.16296072778684
2014-02-08 21:00:00,33.00118101333333,49.58264528833333,97.84087796281017,-5.914139301914332,201.59589522753467
2014-02-08 22:00:00,33.45549247333333,47.772694619166664,97.8408779628099,-6.345274803837825,202.02703072945764
2014-02-08 23:00:00,34.27917844,46.302542422500004,97.84087796280967,-6.77463354971546,202.4563894753348
2014-02-09 00:00:00,35.08818269666667,45.03412469166667,97.8408779628083,-7.202237326768426,202.88399325238504
2014-02-09 01:00:00,34.127448664999996,43.99762786333333,97.84087796280768,-7.628107480550682,203.30986340616604
2014-02-09 02:00:00,33.79783063916667,42.390317366666665,97.84087796280728,-8.05226492738825,203.73402085300282
2014-02-09 03:00:00,33.0268534425,41.00997898,97.84087796280716,-8.474730166363585,204.1564860919779
2014-02-09 04:00:00,32.623573470000004,40.18318287333333,97.84087796280703,-8.895523290876937,204.57727921649098
2014-02-09 05:00:00,32.02697929833334,38.55738966333333,97.84087796280691,-9.314663999797403,204.99641992541123
2014-02-09 06:00:00,31.5362339025,37.15509194083334,97.84087796280679,-9.732171608224178,205.41392753383775
2014-02-09 07:00:00,30.880487975833333,36.099969331666664,97.84087796280664,-10.148065057872628,205.82982098348592
2014-02-09 08:00:00,30.6325957975,34.69209579583333,97.84087796280653,-10.56236292710203,206.24411885271508
2014-02-09 09:00:00,30.58332399833333,33.5849236575,97.84087796280645,-10.975083440599676,206.65683936621258
2014-02-09 10:00:00,30.641055563333335,31.861332561666668,97.84087796280627,-11.38624447873569,207.06800040434825
2014-02-09 11:00:00,32.31135813,30.85402121916667,97.84087796280625,-11.795863586601499,207.477619512214
2014-02-09 12:00:00,77.1039407775,29.705266160833332,97.84087796280946,-12.20395798274349,207.8857139083624
2014-02-09 13:00:00,88.594668575,28.383913238333335,97.84087796281011,-12.610544567620394,208.29230049324062
2014-02-09 14:00:00,88.92426811916665,26.971555700833335,97.84087796281025,-13.015639931753427,208.69739585737392
2014-02-09 15:00:00,89.13755891250001,27.7138413425,97.84087796281037,-13.419260363634947,209.10101628925568
2014-02-09 16:00:00,90.85867104750001,30.747106866666666,97.8408779628105,-13.821421857369529,209.50317778299052
2014-02-09 17:00:00,90.91829713833333,31.5305765075,97.84087796281054,-14.222140120069085,209.90389604569015
2014-02-09 18:00:00,91.75217752416667,31.76645363,97.84087796281048,-14.62143057901092,210.30318650463187
2014-02-09 19:00:00,92.03081346166665,32.10277154083333,97.84087796281042,-15.019308388567993,210.70106431418884
2014-02-09 20:00:00,91.77748863916666,32.880638260000005,97.84087796281037,-15.415788436920352,211.0975443625411
2014-02-09 21:00:00,92.54579698916666,33.00118101333333,97.84087796281034,-15.810885352555474,211.49264127817617
2014-02-09 22:00:00,91.9259926025,33.45549247333333,97.84087796281034,-16.204613510566077,211.88636943618675
2014-02-09 23:00:00,91.73891297833332,34.27917844,97.84087796281034,-16.596987038752914,212.27874296437358
2014-02-10 00:00:00,91.07452293249999,35.08818269666667,97.84087796281032,-16.988019823539858,212.66977574916052
2014-02-10 01:00:00,93.33257805916666,34.127448664999996,97.84087796281032,-17.377725515708292,213.05948144132896
2014-02-10 02:00:00,95.88671052,33.79783063916667,97.84087796281032,-17.766117535957605,213.44787346157824
2014-02-10 03:00:00,98.34542235333333,33.0268534425,97.84087796281032,-18.153209080297984,213.83496500591863
2014-02-10 04:00:00,99.91352183666667,32.623573470000004,97.84087796281032,-18.539013125281997,214.22076905090265
2014-02-10 05:00:00,100.14506270083332,32.02697929833334,97.84087796281032,-18.923542433080286,214.60529835870094
2014-02-10 06:00:00,99.78854363166666,31.5362339025,97.84087796281032,-19.306809556407558,214.9885654820282
2014-02-10 07:00:00,98.83669686666667,30.880487975833333,97.84087796281032,-19.688826843303957,215.3705827689246
2014-02-10 08:00:00,98.53626068749999,30.6325957975,97.84087796281032,-20.069606441776884,215.75136236739752
2014-02-10 09:00:00,97.79480729833334,30.58332399833333,97.84087796281032,-20.44916030430855,216.1309162299292
2014-02-10 10:00:00,97.40724809750002,30.641055563333335,97.84087796281032,-20.82750019223353,216.5092561178542
2014-02-10 11:00:00,97.2949043375,32.31135813,97.84087796281032,-21.204637679991336,216.886393605612
2014-02-10 12:00:00,96.02082731666667,77.1039407775,97.84087796281034,-21.580584159257896,217.2623400848786
2014-02-10 13:00:00,95.74343998416667,88.594668575,97.84087796281034,-21.9553508429606,217.63710676858128
2014-02-10 14:00:00,95.07856010833332,88.92426811916665,97.84087796281034,-22.328948769180357,218.01070469480103
2014-02-10 15:00:00,94.70577966583333,89.13755891250001,97.84087796281034,-22.701388804945054,218.38314473056573
2014-02-10 16:00:00,94.7769536825,90.85867104750001,97.84087796281034,-23.072681649917754,218.75443757553842
2014-02-10 17:00:00,95.31427498416667,90.91829713833333,97.84087796281034,-23.442837839983213,219.1245937656039
2014-02-10 18:00:00,93.08612422,91.75217752416667,97.84087796281034,-23.811867750736283,219.49362367635695
2014-02-10 19:00:00,88.43926424666667,92.03081346166665,97.84087796281034,-24.179781600875344,219.86153752649602
2014-02-10 20:00:00,89.95489472583334,91.77748863916666,97.84087796281034,-24.546589455503877,220.22834538112454
2014-02-10 21:00:00,94.00395469833335,92.54579698916666,97.84087796281034,-24.912301229343228,220.5940571549639
2014-02-10 22:00:00,93.6390661625,91.9259926025,97.84087796281034,-25.27692668985965,220.9586826154803
2014-02-10 23:00:00,92.05427408666667,91.73891297833332,97.84087796281034,-25.640475460307968,221.32223138592866
2014-02-11 00:00:00,93.00596407500001,91.07452293249999,97.84087796281034,-26.00295702269507,221.68471294831573
2014-02-11 01:00:00,90.92250861999999,93.33257805916666,97.84087796281034,-26.36438072066545,222.04613664628613
2014-02-11 02:00:00,89.90553573583333,95.88671052,97.84087796281034,-26.724755762311375,222.40651168793204
2014-02-11 03:00:00,93.7116899,98.34542235333333,97.84087796281034,-27.084091222910203,222.7658471485309
2014-02-11 04:00:00,89.76164309583334,99.91352183666667,97.84087796281034,-27.44239604759086,223.12415197321155
2014-02-11 05:00:00,91.91658142583333,100.14506270083332,97.84087796281034,-27.79967905393211,223.48143497955277
2014-02-11 06:00:00,93.34722675833332,99.78854363166666,97.84087796281034,-28.15594893449429,223.83770486011497
2014-02-11 07:00:00,91.89885478583334,98.83669686666667,97.84087796281034,-28.511214259287016,224.1929701849077
2014-02-11 08:00:00,92.04913589916667,98.53626068749999,97.84087796281034,-28.865483478174255,224.54723940379495
2014-02-11 09:00:00,91.64114984333332,97.79480729833334,97.84087796281034,-29.218764923219638,224.9005208488403
2014-02-11 10:00:00,90.36159941666666,97.40724809750002,97.84087796281034,-29.571066810972596,225.25282273659326
2014-02-11 11:00:00,92.86482845333335,97.2949043375,97.84087796281034,-29.922397244698132,225.6041531703188
2014-02-11 12:00:00,90.20237516499999,96.02082731666667,97.84087796281034,-30.27276421655162,225.9545201421723
2014-02-11 13:00:00,91.14056690083333,95.74343998416667,97.84087796281034,-30.622175609699866,226.30393153532054
2014-02-11 14:00:00,91.89649936666666,95.07856010833332,97.84087796281034,-30.97063920039085,226.65239512601153
2014-02-11 15:00:00,92.62942706166666,94.70577966583333,97.84087796281034,-31.31816265997267,226.99991858559335
2014-02-11 16:00:00,92.05706784916667,94.7769536825,97.84087796281034,-31.664753556864298,227.34650948248498
2014-02-11 17:00:00,91.58884699583332,95.31427498416667,97.84087796281034,-32.01041935847863,227.6921752840993
2014-02-11 18:00:00,91.52960109916667,93.08612422,97.84087796281034,-32.35516743309955,228.03692335872023
2014-02-11 19:00:00,93.97192940000001,88.43926424666667,97.84087796281034,-32.699005051714636,228.3807609773353
2014-02-11 20:00:00,93.43519146,89.95489472583334,97.84087796281034,-33.04193938980441,228.7236953154251
2014-02-11 21:00:00,91.72369751500001,94.00395469833335,97.84087796281034,-33.38397752908932,229.06573345471
2014-02-11 22:00:00,95.83718785916666,93.6390661625,97.84087796281034,-33.725126459236265,229.40688238485694
2014-02-11 23:00:00,97.6169842325,92.05427408666667,97.84087796281034,-34.065393079524966,229.74714900514564
2014-02-12 00:00:00,98.75264682250001,93.00596407500001,97.84087796281034,-34.40478420047603,230.0865401260967
2014-02-12 01:00:00,99.27309196166668,90.92250861999999,97.84087796281034,-34.74330654544127,230.42506247106195
2014-02-12 02:00:00,100.298274995,89.90553573583333,97.84087796281034,-35.08096675215796,230.76272267777864
2014-02-12 03:00:00,100.523178615,93.7116899,97.84087796281034,-35.41777137426715,231.09952729988782
2014-02-12 04:00:00,100.28303361249999,89.76164309583334,97.84087796281034,-35.753726882797935,231.4354828084186
2014-02-12 05:00:00,100.08747569416666,91.91658142583333,97.84087796281034,-36.088839667617975,231.77059559323865
2014-02-12 06:00:00,99.52078660666666,93.34722675833332,97.84087796281034,-36.42311603885159,232.10487196447227
2014-02-12 07:00:00,99.19034164166668,91.89885478583334,97.84087796281034,-36.75656222826589,232.43831815388657
2014-02-12 08:00:00,99.28945387333333,92.04913589916667,97.84087796281034,-37.0891843906266,232.77094031624728
2014-02-12 09:00:00,97.72982583833334,91.64114984333332,97.84087796281034,-37.42098860502327,233.10274453064395
2014-02-12 10:00:00,96.45295129666665,90.36159941666666,97.84087796281034,-37.751980876165646,233.43373680178632
2014-02-12 11:00:00,95.77496934,92.86482845333335,97.84087796281034,-38.08216713565153,233.7639230612722
2014-02-12 12:00:00,98.52301464916667,90.20237516499999,97.84087796281034,-38.41155324320718,234.09330916882786
2014-02-12 13:00:00,101.24624439166666,91.14056690083333,97.84087796281034,-38.740144987900436,234.4219009135211
2014-02-12 14:00:00,101.45685209166668,91.89649936666666,97.84087796281034,-39.067948089327814,234.7497040149485
2014-02-12 15:00:00,100.83653696833333,92.62942706166666,97.84087796281034,-39.39496819877624,235.07672412439692
2014-02-12 16:00:00,100.269265565,92.05706784916667,97.84087796281034,-39.72121090035975,235.40296682598043
2014-02-12 17:00:00,99.02251901916667,91.58884699583332,97.84087796281034,-40.04668171213183,235.7284376377525
2014-02-12 18:00:00,98.56853600250001,91.52960109916667,97.84087796281034,-40.37138608717467,236.05314201279535
2014-02-12 19:00:00,97.35170233583334,93.97192940000001,97.84087796281034,-40.69532941466488,236.37708534028556
2014-02-12 20:00:00,94.75988485333333,93.43519146,97.84087796281034,-41.018517020917216,236.7002729465379
2014-02-12 21:00:00,98.1657992075,91.72369751500001,97.84087796281034,-41.34095417040632,237.022710096027
2014-02-12 22:00:00,97.76248035083334,95.83718785916666,97.84087796281034,-41.66264606676728,237.34440199238796
2014-02-12 23:00:00,95.54238648916667,97.6169842325,97.84087796281034,-41.98359785377542,237.6653537793961
2014-02-13 00:00:00,91.68422213416666,98.75264682250001,97.84087796281034,-42.30381461630597,237.98557054192665
2014-02-13 01:00:00,88.03098925416667,99.27309196166668,97.84087796281034,-42.623301381273905,238.30505730689458
2014-02-13 02:00:00,89.00859357333333,100.298274995,97.84087796281034,-42.94206311855467,238.62381904417535
2014-02-13 03:00:00,92.89169849083333,100.523178615,97.84087796281034,-43.26010474188644,238.94186066750711
2014-02-13 04:00:00,95.0026459075,100.28303361249999,97.84087796281034,-43.577431109753434,239.2591870353741
2014-02-13 05:00:00,94.62544959249999,100.08747569416666,97.84087796281034,-43.89404702625231,239.575802951873
2014-02-13 06:00:00,94.41430610750001,99.52078660666666,97.84087796281034,-44.20995724194043,239.8917131675611
2014-02-13 07:00:00,94.05015356333332,99.19034164166668,97.84087796281034,-44.525166454667584,240.20692238028826
2014-02-13 08:00:00,93.92062951833333,99.28945387333333,97.84087796281034,-44.839679310391176,240.52143523601185
2014-02-13 09:00:00,92.34839892333333,97.72982583833334,97.84087796281034,-45.153500403975045,240.83525632959572
2014-02-13 10:00:00,92.71048238083334,96.45295129666665,97.84087796281034,-45.46663427997271,241.1483902055934
2014-02-13 11:00:00,97.77791003666665,95.77496934,97.84087796281034,-45.77908543339532,241.460841359016
2014-02-13 12:00:00,98.44352332666666,98.52301464916667,97.84087796281034,-46.09085831046434,241.77261423608502
2014-02-13 13:00:00,98.94189287666667,101.24624439166666,97.84087796281034,-46.401957309349825,242.0837132349705
2014-02-13 14:00:00,99.82021766999999,101.45685209166668,97.84087796281034,-46.71238678089435,242.39414270651503
2014-02-13 15:00:00,99.62707726833332,100.83653696833333,97.84087796281034,-47.02215102932283,242.7039069549435
2014-02-13 16:00:00,100.126766965,100.269265565,97.84087796281034,-47.33125431293897,243.01301023855964
2014-02-13 17:00:00,98.1586653325,99.02251901916667,97.84087796281034,-47.63970084480815,243.32145677042882
2014-02-13 18:00:00,94.25954251416668,98.56853600250001,97.84087796281034,-47.94749479342744,243.62925071904812
2014-02-13 19:00:00,82.71157872166667,97.35170233583334,97.84087796281034,-48.254640283382884,243.93639620900356
2014-02-13 20:00:00,90.57843632666668,94.75988485333333,97.84087796281034,-48.561141395994326,244.242897321615
2014-02-13 21:00:00,92.04559031083333,98.1657992075,97.84087796281034,-48.86700216994822,244.5487580955689
2014-02-13 22:00:00,87.92263570333334,97.76248035083334,97.84087796281034,-49.17222660191848,244.85398252753916
2014-02-13 23:00:00,80.119660385,95.54238648916667,97.84087796281034,-49.47681864717583,245.1585745727965
2014-02-14 00:00:00,93.60570319916667,91.68422213416666,97.84087796281034,-49.780782220185756,245.46253814580643
2014-02-14 01:00:00,96.76150425583334,88.03098925416667,97.84087796281034,-50.08412119519545,245.76587712081613
2014-02-14 02:00:00,94.326537295,89.00859357333333,97.84087796281034,-50.38683940681,246.06859533243068
2014-02-14 03:00:00,94.43488784833333,92.89169849083333,97.84087796281034,-50.68894065055795,246.37069657617863
2014-02-14 04:00:00,96.11830104666666,95.0026459075,97.84087796281034,-50.99042868344648,246.67218460906716
2014-02-14 05:00:00,97.41883989416665,94.62544959249999,97.84087796281034,-51.29130722450651,246.9730631501272
2014-02-14 06:00:00,98.23371056666667,94.41430610750001,97.84087796281034,-51.591579955328086,247.27333588094876
2014-02-14 07:00:00,99.22800382916667,94.05015356333332,97.84087796281034,-51.8912505205858,247.57300644620648
2014-02-14 08:00:00,100.11265811083332,93.92062951833333,97.84087796281034,-52.1903225285551,247.87207845417578
2014-02-14 09:00:00,100.32135247333333,92.34839892333333,97.84087796281034,-52.488799551619024,248.1705554772397
2014-02-14 10:00:00,100.47118126333334,92.71048238083334,97.84087796281034,-52.78668512676623,248.4684410523869
2014-02-14 11:00:00,100.34952036916667,97.77791003666665,97.84087796281034,-53.08398275607985,248.76573868170053
2014-02-14 12:00:00,100.29794277083333,98.44352332666666,97.84087796281034,-53.38069590721804,249.06245183283872
2014-02-14 13:00:00,99.93250590333332,98.94189287666667,97.84087796281034,-53.676828013885626,249.3585839395063
2014-02-14 14:00:00,99.65779146666667,99.82021766999999,97.84087796281034,-53.97238247629795,249.65413840191863
2014-02-14 15:00:00,99.33300475416667,99.62707726833332,97.84087796281034,-54.26736266163633,249.949118587257
2014-02-14 16:00:00,98.83076417416667,100.126766965,97.84087796281034,-54.56177190449546,250.24352783011614
2014-02-14 17:00:00,99.10513043333333,98.1586653325,97.84087796281034,-54.855613507323454,250.53736943294413
2014-02-14 18:00:00,99.05309540666667,94.25954251416668,97.84087796281034,-55.148890740853915,250.8306466664746
2014-02-14 19:00:00,99.43327720999999,82.71157872166667,97.84087796281034,-55.44160684453064,251.12336277015132
2014-02-14 20:00:00,98.97104029416666,90.57843632666668,97.84087796281034,-55.73376502692531,251.415520952546
2014-02-14 21:00:00,99.15133578916668,92.04559031083333,97.84087796281034,-56.0253684661476,251.70712439176828
2014-02-14 22:00:00,99.16682896083334,87.92263570333334,97.84087796281034,-56.31642031024856,251.99817623586924
2014-02-14 23:00:00,99.47774287333334,80.119660385,97.84087796281034,-56.60692367761732,252.288679603238
2014-02-15 00:00:00,99.44159300083334,93.60570319916667,97.84087796281034,-56.8968816573707,252.57863758299138
2014-02-15 01:00:00,98.9571728525,96.76150425583334,97.84087796281034,-57.18629730973652,252.8680532353572
2014-02-15 02:00:00,97.80395335166666,94.326537295,97.84087796281034,-57.47517366643049,253.15692959205117
2014-02-15 03:00:00,97.02610514333333,94.43488784833333,97.84087796281034,-57.76351373102665,253.44526965664733
2014-02-15 04:00:00,94.61429231333334,96.11830104666666,97.84087796281034,-58.05132047932173,253.7330764049424
2014-02-15 05:00:00,90.21351343416666,97.41883989416665,97.84087796281034,-58.33859685969355,254.02035278531423
2014-02-15 06:00:00,92.41638320166668,98.23371056666667,97.84087796281034,-58.625345793453306,254.30710171907398
2014-02-15 07:00:00,93.15979202666666,99.22800382916667,97.84087796281034,-58.91157017519228,254.59332610081296
2014-02-15 08:00:00,91.19270607083332,100.11265811083332,97.84087796281034,-59.19727287312264,254.87902879874332
2014-02-15 09:00:00,91.01089425083335,100.32135247333333,97.84087796281034,-59.48245672941286,255.16421265503354
2014-02-15 10:00:00,91.745109285,100.47118126333334,97.84087796281034,-59.767124560517516,255.4488804861382
2014-02-15 11:00:00,92.673831705,100.34952036916667,97.84087796281034,-60.05127915750188,255.73303508312256
2014-02-15 12:00:00,93.33367959833333,100.29794277083333,97.84087796281034,-60.334923286361146,256.0166792119818
2014-02-15 13:00:00,96.59392423999999,99.93250590333332,97.84087796281034,-60.6180596883346,256.2998156139553
2014-02-15 14:00:00,102.25350436000001,99.65779146666667,97.84087796281034,-60.90069108021467,256.5824470058353
2014-02-15 15:00:00,102.79216832499999,99.33300475416667,97.84087796281034,-61.182820154651125,256.86457608027183
2014-02-15 16:00:00,101.446628975,98.83076417416667,97.84087796281034,-61.46444958045032,257.146205506071
2014-02-15 17:00:00,100.71262045916666,99.10513043333333,97.84087796281034,-61.745582002869725,257.4273379284904
2014-02-15 18:00:00,99.53679652333334,99.05309540666667,97.84087796281034,-62.02622004390784,257.70797596952855
2014-02-15 19:00:00,99.2848473275,99.43327720999999,97.84087796281034,-62.306366302589595,257.9881222282103
2014-02-15 20:00:00,99.33126374416666,98.97104029416666,97.84087796281034,-62.58602335524702,258.26777928086767
2014-02-15 21:00:00,99.33978645666667,99.15133578916668,97.84087796281034,-62.86519375579573,258.54694968141644
2014-02-15 22:00:00,99.07001198666667,99.16682896083334,97.84087796281034,-63.14388003600703,258.8256359616277
2014-02-15 23:00:00,99.362986875,99.47774287333334,97.84087796281034,-63.42208470577589,259.10384063139657
2014-02-16 00:00:00,98.67794580416667,99.44159300083334,97.84087796281034,-63.69981025338453,259.3815661790052
2014-02-16 01:00:00,99.15817489333334,98.9571728525,97.84087796281034,-63.97705914576213,259.65881507138283
2014-02-16 02:00:00,98.92576101083334,97.80395335166666,97.84087796281034,-64.2538338287406,259.9355897543613
2014-02-16 03:00:00,99.17163282916665,97.02610514333333,97.84087796281034,-64.53013672730606,260.21189265292674
2014-02-16 04:00:00,98.80886673916666,94.61429231333334,97.84087796281034,-64.80597024584705,260.4877261714677
2014-02-16 05:00:00,98.78191473666668,90.21351343416666,97.84087796281034,-65.08133676839836,260.76309269401906
2014-02-16 06:00:00,98.80127328916667,92.41638320166668,97.84087796281034,-65.35623865888158,261.03799458450226
2014-02-16 07:00:00,98.34680155833333,93.15979202666666,97.84087796281034,-65.63067826134187,261.31243418696255
2014-02-16 08:00:00,98.4496864175,91.19270607083332,97.84087796281034,-65.90465790018101,261.5864138258017
2014-02-16 09:00:00,97.78853402916667,91.01089425083335,97.84087796281034,-66.17817988038738,261.859935806008
2014-02-16 10:00:00,98.6033901175,91.745109285,97.84087796281034,-66.45124648776175,262.1330024133824
2014-02-16 11:00:00,98.45985292416667,92.673831705,97.84087796281034,-66.72385998914069,262.40561591476137
2014-02-16 12:00:00,99.68827883,93.33367959833333,97.84087796281034,-66.99602263261568,262.67777855823635
2014-02-16 13:00:00,100.06447619416667,96.59392423999999,97.84087796281034,-67.26773664774956,262.9494925733702
2014-02-16 14:00:00,99.83856250083333,102.25350436000001,97.84087796281034,-67.53900424578973,263.2207601714104
2014-02-16 15:00:00,97.70313372166667,102.79216832499999,97.84087796281034,-67.80982761987795,263.49158354549866
2014-02-16 16:00:00,95.11118743416667,101.446628975,97.84087796281034,-68.08020894525723,263.76196487087793
2014-02-16 17:00:00,95.0821015625,100.71262045916666,97.84087796281034,-68.35015037947579,264.03190630509647
2014-02-16 18:00:00,95.38997722166665,99.53679652333334,97.84087796281034,-68.61965406258778,264.30140998820843
2014-02-16 19:00:00,94.68878102833332,99.2848473275,97.84087796281034,-68.88872211735128,264.57047804297196
2014-02-16 20:00:00,94.718523335,99.33126374416666,97.84087796281034,-69.1573566494234,264.83911257504406
2014-02-16 21:00:00,94.70226184666666,99.33978645666667,97.84087796281034,-69.42555974755257,265.1073156731733
2014-02-16 22:00:00,95.1171907025,99.07001198666667,97.84087796281034,-69.69333348376779,265.37508940938847
2014-02-16 23:00:00,93.54846682833333,99.362986875,97.84087796281034,-69.96067991356571,265.6424358391864
2014-02-17 00:00:00,91.43940196166666,98.67794580416667,97.84087796281034,-70.2276010760946,265.9093570017153
2014-02-17 01:00:00,91.714443635,99.15817489333334,97.84087796281034,-70.49409899433564,266.17585491995635
2014-02-17 02:00:00,92.71906626333333,98.92576101083334,97.84087796281034,-70.76017567528206,266.44193160090276
2014-02-17 03:00:00,90.36257347833333,99.17163282916665,97.84087796281034,-71.02583311011531,266.70758903573596
2014-02-17 04:00:00,90.91310381666666,98.80886673916666,97.84087796281034,-71.29107327437899,266.97282919999964
2014-02-17 05:00:00,90.86933967166665,98.78191473666668,97.84087796281034,-71.5558981281502,267.2376540537709
2014-02-17 06:00:00,90.63360215,98.80127328916667,97.84087796281034,-71.82030961620865,267.5020655418293
2014-02-17 07:00:00,90.61251571500001,98.34680155833333,97.84087796281034,-72.08430966820305,267.7660655938237
2014-02-17 08:00:00,90.44913689666667,98.4496864175,97.84087796281034,-72.34790019881567,268.0296561244363
2014-02-17 09:00:00,90.61376747999999,97.78853402916667,97.84087796281034,-72.61108310792417,268.29283903354485
2014-02-17 10:00:00,90.64461676166667,98.6033901175,97.84087796281034,-72.87386028076142,268.55561620638207
2014-02-17 11:00:00,90.89113123833333,98.45985292416667,97.84087796281034,-73.13623358807317,268.8179895136939
2014-02-17 12:00:00,89.15525582666668,99.68827883,97.84087796281034,-73.39820488627322,269.0799608118939
2014-02-17 13:00:00,92.188421115,100.06447619416667,97.84087796281034,-73.65977601759681,269.3415319432175
2014-02-17 14:00:00,91.68963034916668,99.83856250083333,97.84087796281034,-73.92094881025173,269.6027047358724
2014-02-17 15:00:00,89.79542534583334,97.70313372166667,97.84087796281034,-74.18172507856738,269.8634810041881
2014-02-17 16:00:00,91.22378008,95.11118743416667,97.84087796281034,-74.44210662314194,270.12386254876265
2014-02-17 17:00:00,92.86105732166668,95.0821015625,97.84087796281034,-74.70209523098711,270.38385115660776
2014-02-17 18:00:00,90.31764829916666,95.38997722166665,97.84087796281034,-74.9616926756716,270.6434486012923
2014-02-17 19:00:00,92.43605095333334,94.68878102833332,97.84087796281034,-75.22090071746203,270.9026566430827
2014-02-17 20:00:00,92.2941998525,94.718523335,97.84087796281034,-75.47972110346228,271.16147702908296
2014-02-17 21:00:00,91.33204111583335,94.70226184666666,97.84087796281034,-75.73815556775077,271.41991149337144
2014-02-17 22:00:00,92.76319415500001,95.1171907025,97.84087796281034,-75.99620583151619,271.67796175713687
2014-02-17 23:00:00,91.22075862416666,93.54846682833333,97.84087796281034,-76.25387360319107,271.9356295288118
2014-02-18 00:00:00,92.33848131083333,91.43940196166666,97.84087796281034,-76.51116057858377,272.19291650420445
2014-02-18 01:00:00,92.42877080666666,91.714443635,97.84087796281034,-76.7680684410089,272.44982436662957
2014-02-18 02:00:00,91.46406268166668,92.71906626333333,97.84087796281034,-77.02459886141548,272.70635478703616
2014-02-18 03:00:00,94.16770960916666,90.36257347833333,97.84087796281034,-77.28075349851397,272.9625094241346
2014-02-18 04:00:00,93.11510112333333,90.91310381666666,97.84087796281034,-77.53653399890138,273.2182899245221
2014-02-18 05:00:00,91.70424456083333,90.86933967166665,97.84087796281034,-77.79194199718455,273.47369792280523
2014-02-18 06:00:00,94.02121028333333,90.63360215,97.84087796281034,-78.04697911610236,273.72873504172304
2014-02-18 07:00:00,92.62548449666667,90.61251571500001,97.84087796281034,-78.30164696664576,273.98340289226644
2014-02-18 08:00:00,90.97015360916667,90.44913689666667,97.84087796281034,-78.55594714817656,274.2377030737972
2014-02-18 09:00:00,91.61656859916667,90.61376747999999,97.84087796281034,-78.80988124854468,274.49163717416536
2014-02-18 10:00:00,89.932370145,90.64461676166667,97.84087796281034,-79.0634508442038,274.74520676982445
2014-02-18 11:00:00,90.8621983325,90.89113123833333,97.84087796281034,-79.31665750032545,274.9984134259461
2014-02-18 12:00:00,91.63051462416666,89.15525582666668,97.84087796281034,-79.56950277091181,275.2512586965325
2014-02-18 13:00:00,90.57065928666667,92.188421115,97.84087796281034,-79.82198819890704,275.5037441245277
2014-02-18 14:00:00,86.45984937416667,91.68963034916668,97.84087796281034,-80.07411531630694,275.7558712419276
2014-02-18 15:00:00,89.82947407833332,89.79542534583334,97.84087796281034,-80.3258856442676,276.0076415698883
2014-02-18 16:00:00,92.03868130333332,91.22378008,97.84087796281034,-80.57730069321235,276.25905661883303
2014-02-18 17:00:00,92.11722138416667,92.86105732166668,97.84087796281034,-80.82836196293758,276.5101178885583
2014-02-18 18:00:00,92.42372817916667,90.31764829916666,97.84087796281034,-81.07907094271701,276.7608268683377
2014-02-18 19:00:00,92.53149559333333,92.43605095333334,97.84087796281034,-81.32942911140483,277.0111850370255
2014-02-18 20:00:00,92.37855266416666,92.2941998525,97.84087796281034,-81.57943793753748,277.26119386315816
2014-02-18 21:00:00,92.06056693750001,91.33204111583335,97.84087796281034,-81.8290988794341,277.5108548050548
2014-02-18 22:00:00,92.40404599833333,92.76319415500001,97.84087796281034,-82.07841338529576,277.76016931091647
2014-02-18 23:00:00,92.00840417166667,91.22075862416666,97.84087796281034,-82.32738289330365,278.0091388189243
2014-02-19 00:00:00,92.27689268833335,92.33848131083333,97.84087796281034,-82.57600883171557,278.25776475733625
2014-02-19 01:00:00,92.40220633,92.42877080666666,97.84087796281034,-82.8242926189618,278.5060485445825
2014-02-19 02:00:00,91.77565531,91.46406268166668,97.84087796281034,-83.07223566373929,278.75399158936
2014-02-19 03:00:00,92.65002824833333,94.16770960916666,97.84087796281034,-83.31983936510517,279.00159529072585
2014-02-19 04:00:00,96.27961812416667,93.11510112333333,97.84087796281034,-83.56710511256853,279.2488610381892
2014-02-19 05:00:00,96.29113553416666,91.70424456083333,97.84087796281034,-83.81403428618168,279.4957902118024
2014-02-19 06:00:00,93.10994317000001,94.02121028333333,97.84087796281034,-84.06062825662985,279.74238418225053
2014-02-19 07:00:00,90.227122115,92.62548449666667,97.84087796281034,-84.30688838531998,279.9886443109407
2014-02-19 08:00:00,92.39517400333334,90.97015360916667,97.84087796281034,-84.55281602446851,280.23457195008916
2014-02-19 09:00:00,94.68567576,91.61656859916667,97.84087796281034,-84.79841251718787,280.4801684428086
2014-02-19 10:00:00,92.81264764000001,89.932370145,97.84087796281034,-85.04367919757215,280.7254351231928
2014-02-19 11:00:00,91.0993354675,90.8621983325,97.84087796281034,-85.28861739078161,280.9703733164023
2014-02-19 12:00:00,93.11673673416668,91.63051462416666,97.84087796281034,-85.53322841312621,281.2149843387469
2014-02-19 13:00:00,94.7324779675,90.57065928666667,97.84087796281034,-85.7775135721482,281.4592694977689
2014-02-19 14:00:00,96.77969033833334,86.45984937416667,97.84087796281034,-86.0214741667036,281.70323009232425
2014-02-19 15:00:00,97.57444492833334,89.82947407833332,97.84087796281034,-86.26511148704276,281.94686741266344
